-- phpMyAdmin SQL Dump
-- version 5.0.4
-- https://www.phpmyadmin.net/
--
-- Servidor: 127.0.0.1
-- Tiempo de generación: 10-03-2021 a las 03:40:44
-- Versión del servidor: 10.4.17-MariaDB
-- Versión de PHP: 8.0.2

SET SQL_MODE = "NO_AUTO_VALUE_ON_ZERO";
START TRANSACTION;
SET time_zone = "+00:00";


/*!40101 SET @OLD_CHARACTER_SET_CLIENT=@@CHARACTER_SET_CLIENT */;
/*!40101 SET @OLD_CHARACTER_SET_RESULTS=@@CHARACTER_SET_RESULTS */;
/*!40101 SET @OLD_COLLATION_CONNECTION=@@COLLATION_CONNECTION */;
/*!40101 SET NAMES utf8mb4 */;

--
-- Base de datos: `bierclub_db`
--

--
-- Volcado de datos para la tabla `carts`
--

INSERT INTO `carts` (`id`, `status`, `user_id`, `shipping_type`, `place`, `createdAt`, `updatedAt`) VALUES
(53, 1, 105, NULL, NULL, '2021-02-16 21:19:06', '2021-02-16 21:19:06'),
(54, 1, 105, 0, NULL, '2021-02-20 01:08:06', '2021-02-20 01:08:06'),
(55, 1, 105, 0, NULL, '2021-02-24 00:07:47', '2021-02-24 00:07:47'),
(56, 1, 105, 0, NULL, '2021-02-24 00:09:00', '2021-02-24 00:09:00'),
(57, 1, 105, 0, NULL, '2021-02-24 01:26:30', '2021-02-24 01:26:30'),
(58, 1, 105, 0, NULL, '2021-02-24 01:27:50', '2021-02-24 01:27:50'),
(59, 1, 105, 0, NULL, '2021-02-24 01:28:16', '2021-02-24 01:28:16'),
(60, 1, 105, 0, NULL, '2021-02-24 01:29:21', '2021-02-24 01:29:21'),
(61, 1, 105, 0, NULL, '2021-02-24 01:35:05', '2021-02-24 01:35:05'),
(62, 1, 105, 0, NULL, '2021-02-24 01:36:05', '2021-02-24 01:36:05'),
(63, 1, 105, 0, NULL, '2021-02-24 01:44:38', '2021-02-24 01:44:38'),
(64, 1, 105, 0, NULL, '2021-02-24 01:45:50', '2021-02-24 01:45:50'),
(65, 1, 105, 0, NULL, '2021-02-24 01:53:56', '2021-02-24 01:53:56'),
(68, 1, 105, 0, NULL, '2021-02-24 02:47:43', '2021-02-24 02:47:43'),
(69, 1, 105, 0, NULL, '2021-02-24 02:49:18', '2021-02-24 02:49:18'),
(70, 1, 105, 0, NULL, '2021-02-24 02:59:49', '2021-02-24 02:59:49'),
(71, 1, 105, 0, NULL, '2021-02-24 02:59:57', '2021-02-24 02:59:57'),
(72, 1, 105, 0, NULL, '2021-02-24 03:00:51', '2021-02-24 03:00:51'),
(73, 1, 105, 1, 'Tafí Viejo', '2021-02-24 03:02:42', '2021-02-24 03:02:42'),
(74, 1, 105, 1, 'La Cocha', '2021-02-24 03:03:49', '2021-02-24 03:03:49'),
(75, 1, 105, 0, NULL, '2021-02-24 04:07:32', '2021-02-24 04:07:32'),
(76, 1, 105, 1, 'Río Chico', '2021-02-24 04:08:33', '2021-02-24 04:08:33'),
(81, 1, 105, 0, NULL, '2021-02-25 02:44:22', '2021-02-25 02:44:22'),
(83, 1, 105, 1, 'Graneros', '2021-03-01 01:47:24', '2021-03-01 01:47:24'),
(84, 0, 105, NULL, NULL, '2021-03-05 04:00:12', '2021-03-05 04:00:12');

--
-- Volcado de datos para la tabla `cart_product`
--

INSERT INTO `cart_product` (`id`, `stock_order`, `product_id`, `cart_id`, `createdAt`, `updatedAt`) VALUES
(186, 1, 59, 53, '2021-02-20 01:08:00', '2021-02-20 01:08:00'),
(187, 1, 57, 53, '2021-02-20 01:08:02', '2021-02-20 01:08:02'),
(211, 4, 59, 54, '2021-02-23 21:18:34', '2021-02-23 21:18:34'),
(217, 1, 59, 63, '2021-02-24 01:45:45', '2021-02-24 01:45:45'),
(231, 2, 59, 74, '2021-02-24 04:07:22', '2021-02-24 04:07:22'),
(232, 6, 59, 75, '2021-02-24 04:08:25', '2021-02-24 04:08:25'),
(246, 1, 59, 76, '2021-02-24 20:58:03', '2021-02-24 20:58:03'),
(247, 1, 57, 76, '2021-02-24 21:05:17', '2021-02-24 21:05:17'),
(248, 1, 55, 76, '2021-02-24 21:13:45', '2021-02-24 21:13:45'),
(253, 6, 78, 81, '2021-03-01 01:47:11', '2021-03-01 01:47:11'),
(262, 1, 78, 83, '2021-03-04 20:15:53', '2021-03-04 20:15:53'),
(265, 1, 55, 84, '2021-03-05 04:10:35', '2021-03-05 04:10:35'),
(269, 1, 59, 84, '2021-03-09 04:33:50', '2021-03-09 04:33:50');

--
-- Volcado de datos para la tabla `categories`
--

INSERT INTO `categories` (`id`, `name`, `status`, `createdAt`, `updatedAt`) VALUES
(1, 'Lupuladas', 1, '2020-12-22 03:06:58', '2020-12-22 03:06:58'),
(2, 'No Lupuladas', 1, '2020-12-22 03:07:32', '2020-12-22 03:07:32'),
(3, 'Cerveza', 1, '2020-12-23 02:19:44', '2020-12-23 02:19:44'),
(4, 'Vino', 1, '2020-12-23 02:20:04', '2020-12-23 02:20:04'),
(5, 'asdasd', 0, '2020-12-23 04:42:58', '2020-12-23 04:42:58'),
(6, 'KIPPES', 0, '2020-12-23 04:44:22', '2020-12-23 04:44:22');

--
-- Volcado de datos para la tabla `images`
--

INSERT INTO `images` (`id`, `name`, `createdAt`, `updatedAt`) VALUES
(1, 'imagen 1', '2020-12-22 03:12:21', '2020-12-22 03:12:21'),
(2, 'imagen 2', '2020-12-22 03:12:39', '2020-12-22 03:12:39'),
(3, 'imagen 3', '2020-12-22 03:12:47', '2020-12-22 03:12:47'),
(4, 'imagen 4', '2020-12-22 03:12:53', '2020-12-22 03:12:53'),
(5, 'imagen 5', '2020-12-22 03:12:58', '2020-12-22 03:12:58'),
(10, 'producto-1608789934178.png', '2020-12-24 06:05:34', '2020-12-24 06:05:34'),
(11, 'producto-1608790001640.png', '2020-12-24 06:06:41', '2020-12-24 06:06:41'),
(12, 'producto-1608790001641.png', '2020-12-24 06:06:41', '2020-12-24 06:06:41'),
(13, 'producto-1608790001641.png', '2020-12-24 06:06:41', '2020-12-24 06:06:41'),
(14, 'producto-1608790001641.png', '2020-12-24 06:06:41', '2020-12-24 06:06:41'),
(15, 'producto-1608791771011.png', '2020-12-24 06:36:11', '2020-12-24 06:36:11'),
(16, 'producto-1608791771011.png', '2020-12-24 06:36:11', '2020-12-24 06:36:11'),
(17, 'producto-1608791771012.png', '2020-12-24 06:36:11', '2020-12-24 06:36:11'),
(18, 'producto-1608796357238.png', '2020-12-24 07:52:37', '2020-12-24 07:52:37'),
(19, 'producto-1608798005109.png', '2020-12-24 08:20:05', '2020-12-24 08:20:05'),
(20, 'producto-1608798005110.png', '2020-12-24 08:20:05', '2020-12-24 08:20:05'),
(21, 'producto-1608798005110.png', '2020-12-24 08:20:05', '2020-12-24 08:20:05'),
(22, 'producto-1608798005110.png', '2020-12-24 08:20:05', '2020-12-24 08:20:05'),
(23, 'producto-1608831630339.jpg', '2020-12-24 17:40:30', '2020-12-24 17:40:30'),
(24, 'producto-1608831630360.jpg', '2020-12-24 17:40:30', '2020-12-24 17:40:30'),
(25, 'producto-1608831630364.jpg', '2020-12-24 17:40:30', '2020-12-24 17:40:30'),
(26, 'producto-1608831630371.jpg', '2020-12-24 17:40:30', '2020-12-24 17:40:30'),
(27, 'producto-1608832737447.jpg', '2020-12-24 17:58:57', '2020-12-24 17:58:57'),
(28, 'producto-1608832737451.jpg', '2020-12-24 17:58:57', '2020-12-24 17:58:57'),
(29, 'producto-1608832737462.jpg', '2020-12-24 17:58:57', '2020-12-24 17:58:57'),
(30, 'producto-1608832774673.jpg', '2020-12-24 17:59:34', '2020-12-24 17:59:34'),
(31, 'producto-1608832774682.jpg', '2020-12-24 17:59:34', '2020-12-24 17:59:34'),
(32, 'producto-1608832774647.jpg', '2020-12-24 17:59:34', '2020-12-24 17:59:34'),
(33, 'producto-1608832774693.jpg', '2020-12-24 17:59:34', '2020-12-24 17:59:34'),
(34, 'producto-1608832802897.jpg', '2020-12-24 18:00:02', '2020-12-24 18:00:02'),
(35, 'producto-1608832802905.jpg', '2020-12-24 18:00:02', '2020-12-24 18:00:02'),
(36, 'producto-1608832802913.jpg', '2020-12-24 18:00:02', '2020-12-24 18:00:02'),
(37, 'producto-1608832802927.jpg', '2020-12-24 18:00:02', '2020-12-24 18:00:02'),
(38, 'producto-1608832830503.jpg', '2020-12-24 18:00:30', '2020-12-24 18:00:30'),
(39, 'producto-1608832830510.jpg', '2020-12-24 18:00:30', '2020-12-24 18:00:30'),
(40, 'producto-1611397116021.png', '2021-01-23 10:18:36', '2021-01-23 10:18:36'),
(41, 'producto-1611397116022.jpg', '2021-01-23 10:18:36', '2021-01-23 10:18:36'),
(42, 'producto-1611397116022.png', '2021-01-23 10:18:36', '2021-01-23 10:18:36'),
(43, 'producto-1611397116023.png', '2021-01-23 10:18:36', '2021-01-23 10:18:36'),
(44, 'producto-1613851276771.jpg', '2021-02-20 20:01:16', '2021-02-20 20:01:16'),
(45, 'producto-1614140225888.jpg', '2021-02-24 04:17:05', '2021-02-24 04:17:05'),
(46, 'producto-1614718226131.jpg', '2021-03-02 20:50:26', '2021-03-02 20:50:26'),
(47, 'producto-1615306331267.jpg', '2021-03-09 16:12:11', '2021-03-09 16:12:11'),
(48, 'producto-1615306344090.jpg', '2021-03-09 16:12:24', '2021-03-09 16:12:24'),
(49, 'producto-1615306357243.jpg', '2021-03-09 16:12:37', '2021-03-09 16:12:37'),
(50, 'producto-1615306367240.png', '2021-03-09 16:12:47', '2021-03-09 16:12:47'),
(51, 'producto-1615306410609.png', '2021-03-09 16:13:30', '2021-03-09 16:13:30'),
(52, 'producto-1615306511778.jpg', '2021-03-09 16:15:11', '2021-03-09 16:15:11'),
(53, 'producto-1615306548399.jpg', '2021-03-09 16:15:48', '2021-03-09 16:15:48'),
(54, 'producto-1615306562521.jpg', '2021-03-09 16:16:02', '2021-03-09 16:16:02'),
(55, 'producto-1615306652100.jpg', '2021-03-09 16:17:32', '2021-03-09 16:17:32'),
(56, 'producto-1615343193175.jpg', '2021-03-10 02:26:33', '2021-03-10 02:26:33'),
(57, 'producto-1615343220241.jpg', '2021-03-10 02:27:00', '2021-03-10 02:27:00'),
(58, 'producto-1615343256765.jpg', '2021-03-10 02:27:36', '2021-03-10 02:27:36'),
(59, 'producto-1615343359340.jpeg', '2021-03-10 02:29:19', '2021-03-10 02:29:19'),
(60, 'producto-1615343359343.png', '2021-03-10 02:29:19', '2021-03-10 02:29:19'),
(61, 'producto-1615343474990.jpg', '2021-03-10 02:31:15', '2021-03-10 02:31:15'),
(62, 'producto-1615343596555.jpg', '2021-03-10 02:33:16', '2021-03-10 02:33:16'),
(63, 'producto-1615343681016.png', '2021-03-10 02:34:41', '2021-03-10 02:34:41'),
(64, 'producto-1615343713528.jpg', '2021-03-10 02:35:13', '2021-03-10 02:35:13'),
(65, 'producto-1615343761044.jpg', '2021-03-10 02:36:01', '2021-03-10 02:36:01'),
(66, 'producto-1615343781252.jpg', '2021-03-10 02:36:21', '2021-03-10 02:36:21');

--
-- Volcado de datos para la tabla `image_product`
--

INSERT INTO `image_product` (`id`, `product_id`, `image_id`, `createdAt`, `updatedAt`) VALUES
(29, 55, 23, '2020-12-24 17:40:30', '2020-12-24 17:40:30'),
(30, 55, 24, '2020-12-24 17:40:30', '2020-12-24 17:40:30'),
(31, 55, 25, '2020-12-24 17:40:30', '2020-12-24 17:40:30'),
(32, 55, 26, '2020-12-24 17:40:30', '2020-12-24 17:40:30'),
(33, 56, 27, '2020-12-24 17:58:57', '2020-12-24 17:58:57'),
(34, 56, 28, '2020-12-24 17:58:57', '2020-12-24 17:58:57'),
(35, 56, 29, '2020-12-24 17:58:57', '2020-12-24 17:58:57'),
(36, 57, 30, '2020-12-24 17:59:34', '2020-12-24 17:59:34'),
(37, 57, 31, '2020-12-24 17:59:34', '2020-12-24 17:59:34'),
(38, 57, 33, '2020-12-24 17:59:34', '2020-12-24 17:59:34'),
(39, 57, 32, '2020-12-24 17:59:34', '2020-12-24 17:59:34'),
(40, 58, 35, '2020-12-24 18:00:02', '2020-12-24 18:00:02'),
(41, 58, 37, '2020-12-24 18:00:02', '2020-12-24 18:00:02'),
(42, 58, 34, '2020-12-24 18:00:02', '2020-12-24 18:00:02'),
(43, 58, 36, '2020-12-24 18:00:02', '2020-12-24 18:00:02'),
(44, 59, 38, '2020-12-24 18:00:30', '2020-12-24 18:00:30'),
(45, 59, 39, '2020-12-24 18:00:30', '2020-12-24 18:00:30'),
(51, 78, 45, '2021-02-24 04:17:05', '2021-02-24 04:17:05'),
(53, 81, 47, '2021-03-09 16:12:11', '2021-03-09 16:12:11'),
(54, 82, 48, '2021-03-09 16:12:24', '2021-03-09 16:12:24'),
(55, 83, 49, '2021-03-09 16:12:37', '2021-03-09 16:12:37'),
(56, 84, 50, '2021-03-09 16:12:47', '2021-03-09 16:12:47'),
(57, 85, 51, '2021-03-09 16:13:30', '2021-03-09 16:13:30'),
(58, 86, 52, '2021-03-09 16:15:11', '2021-03-09 16:15:11'),
(59, 87, 53, '2021-03-09 16:15:48', '2021-03-09 16:15:48'),
(60, 88, 54, '2021-03-09 16:16:02', '2021-03-09 16:16:02'),
(61, 89, 55, '2021-03-09 16:17:32', '2021-03-09 16:17:32'),
(62, 90, 56, '2021-03-10 02:26:33', '2021-03-10 02:26:33'),
(63, 91, 57, '2021-03-10 02:27:00', '2021-03-10 02:27:00'),
(64, 92, 58, '2021-03-10 02:27:36', '2021-03-10 02:27:36'),
(65, 93, 59, '2021-03-10 02:29:19', '2021-03-10 02:29:19'),
(66, 93, 60, '2021-03-10 02:29:19', '2021-03-10 02:29:19'),
(67, 94, 61, '2021-03-10 02:31:15', '2021-03-10 02:31:15'),
(68, 95, 62, '2021-03-10 02:33:16', '2021-03-10 02:33:16'),
(69, 96, 63, '2021-03-10 02:34:41', '2021-03-10 02:34:41'),
(70, 97, 64, '2021-03-10 02:35:13', '2021-03-10 02:35:13'),
(71, 98, 65, '2021-03-10 02:36:01', '2021-03-10 02:36:01'),
(72, 99, 66, '2021-03-10 02:36:21', '2021-03-10 02:36:21');

--
-- Volcado de datos para la tabla `products`
--

INSERT INTO `products` (`id`, `name`, `price`, `discount`, `stock`, `description`, `category_id`, `createdAt`, `updatedAt`) VALUES
(55, 'ippa Sippa (TDH Imperial Aussie IP)', 90, 10, 645643, 'Amarillo pálido, algo turbia y muy refrescante! Este híbrido entre una West Coast y una East Coast IPA tiene lo mejor de los dos mundos: de cuerpo medio, con aromas y sabores cítricos tropicales (ananá 🍍, maracuyá y mandarina 🍊).', 3, '2020-12-24 17:40:30', '2020-12-24 17:40:30'),
(56, 'Saison de Triomphe - Hoppy Saison', 115, 0, 0, 'Fermentada con un blend de 4 levaduras rurales, con maltas de cebada artesanales de La Plata y granos sin maltear de trigo y avena que le dan esa rusticidad típica del estilo, esta saison fue ademas lupulada con Enigma 🇦🇺Australiano!', 1, '2020-12-24 17:58:57', '2020-12-24 17:58:57'),
(57, 'William Wallace Scottish', 82, 5, 598, 'Una verdadera IPA de la costa oeste, inundación de lupulina americana en tus papilas gustativas con intensos sabores y aromas resinosos y cítricos (pino húmedo, cáscara de naranja 🍊, lima/limón 🍋y pomelo).', 2, '2020-12-24 17:59:34', '2020-12-24 17:59:34'),
(58, 'Mumbai 1947', 99, 20, 0, 'Una birra purasangre, muscular hasta explotar con ridículas cantidades de Galaxy y Cashmere.\\r\\nDe color amarillo pálido, turbia, jugosa, espesa e hiper lupulada, con intensas notas a maracuyá, mango, lima-limón, durazno y cascara de sandia #neverpony.', 3, '2020-12-24 18:00:02', '2020-12-24 18:00:02'),
(59, 'German Pills', 125, 10, 4, 'Esta IIPA esta cargada a tope con cantidades copiosas de los lupulos Vic Secret y Galaxy.\\r\\nDe color naranja intenso, turbia, jugosa, estimula tus papilas gustativas con intensas notas a naranja, durazno, mango, ananá. Sabores Cítricos/Tropicales brillan sobre la base maltosa.', 2, '2020-12-24 18:00:30', '2020-12-24 18:00:30'),
(61, 'Prickly Dingo - Catharina Sour con Cactus', 110, 50, 0, 'De color naranja intenso, cual noctiluca rabiosa, la prickly dingo es una catharina sour con cactus.\\r\\nUna cerveza acida, balanceada por el dulzor del cactus que le da sabores y aromas a chicle de tutti-frutti, sandia y kiwi.', 2, '2020-12-24 18:01:28', '2020-12-24 18:01:28'),
(78, 'Baum Gladstone', 225, 0, 89, 'Tomando como base la clásica Stout irlandesa, nuestra Gladstone Stout es una cerveza compleja con mucha personalidad y alta tomabilidad. ', 2, '2021-02-24 04:17:05', '2021-02-24 04:17:05'),
(81, 'Blest Hop Shot Ipa', 225, 20, 247, 'Nuestra Hop Shot IPA, golpe de lúpulo, es de color ambar – rojizo, aportado por las maltas caramelizadas. Una característica, además del intenso amargor, es el aroma cítrico. Usamos lúpulos nacionales e importados.', 1, '2021-03-09 16:12:11', '2021-03-09 16:12:11'),
(82, 'Cachalote Scotish Export', 350, 0, 60, 'Cerveza de perfil maltoso con baja adición de lúpulo para balancear los sabores.', 3, '2021-03-09 16:12:24', '2021-03-09 16:12:24'),
(83, 'Baum Blonde', 230, 0, 75, 'Estilo de cerveza americana, de color dorado brillante, bien filtrada y cristalina. Aroma y sabor maltoso, levemente frutado. Suave y fácil de tomar debido a su simpleza y baja intensidad alcohólica', 2, '2021-03-09 16:12:37', '2021-03-09 16:12:37'),
(84, 'Tiol Will Survive - DDH Hazy IPA', 2700, 0, 0, 'Tiol Will Survive” es una cerveza colaborativa entre @cervezadosdingos, @placebo.brewing y @scottjanish de @sapwoodcellars (USA).  Una cerveza basados en las ultimas investigaciones científicas sobre compuestos aromáticos “sobrevivientes” del lupulo!', 1, '2021-03-09 16:12:47', '2021-03-09 16:12:47'),
(85, 'Rice Rice Baby - Japanese Rice lager', 2000, 5, 10, 'Una Rice Lager, un estilo originariamente japonés pero con un twist Australiano, en colaboración con @cervezalaurus', 1, '2021-03-09 16:13:30', '2021-03-09 16:13:30'),
(86, 'Brewhouse Joker Ipa', 500, 0, 15, 'Una de las más aclamadas de la galaxia, esta cerveza IPA de perfil herbal, terrosa y tropical te cautiva con su sabor y aroma. El Joker siempre esta sonriendo… Destapar bien fría y disfrutar. ¡La cerveza que todo fanático de DC Comics tiene que probar!', 1, '2021-03-09 16:15:11', '2021-03-09 16:15:11'),
(87, 'Brewhouse Monsieur Chocolat', 350, 10, 0, 'La Brewhouse Monsieur Chocolat Stout es una cerveza que lleva un prosceso especial. Madurada en barricas de roble americano ex whisky. Con notas tostadas, a vainilla y una leve presencia de frutos secos.', 1, '2021-03-09 16:15:48', '2021-03-09 16:15:48'),
(88, 'Brewhouse Jack Herer Hemp Neipa', 495, 10, 150, 'Fantásticos Aromas Kogoyares producto de extrasorprendente combinación lupular y de Terpenos Replicants de la flor de la Vida. Frutal, Floral con una base de Cítrica que la hace llevarte a un paseo feliz.', 1, '2021-03-09 16:16:02', '2021-03-09 16:16:02'),
(89, 'Handsome Jack IPA', 550, 0, 100, '', 2, '2021-03-09 16:17:32', '2021-03-09 16:17:32'),
(90, 'Brewhouse Lobos de Mar', 299, 40, 90, 'Los Pescadores de Mar del Plata son el Motor de la Cultura de nuestra Ciudad. Héroes que se meten al mar para llevarle el pan a sus familias. Mar del Plata Ciudad Pesquera!', 3, '2021-03-10 02:26:33', '2021-03-10 02:26:33'),
(91, 'Cachalote American Ipa', 310, 30, 10, 'Es una cerveza de intenso aroma, una alta fermentación y gran aporte de lúpulo, lo que proporciona mayor amargor. color algo pálido y anaranjado, similar al ámbar', 3, '2021-03-10 02:27:00', '2021-03-10 02:27:00'),
(92, 'Cheverry Dubbel', 525, 50, 75, 'De origen belga, color cobrizo, de cuerpo medio-pleno. Ofrece aromas y sabores complejos dulces y tostados por las maltas especiales y frutales debido a los ésteres generados en la fermentación. Marida muy bien con carnes, quesos fuertes y postres.', 3, '2021-03-10 02:27:36', '2021-03-10 02:27:36'),
(93, 'Aussie IPA', 8000, 5, 2, 'IPA Estilo Australiana muy fácil de tomar, de amargor medio y final seco. El Doble Dry Hop de lupulos Australianos Galaxy y Enigma le dan sabores y aromas tropicales intensos a Mango, Melon, Maracuya y Papaya. ', 1, '2021-03-10 02:29:19', '2021-03-10 02:29:19'),
(94, 'Alta Vista Premium Malbec 750', 2500, 90, 7, 'Este Tinto está criado en barricas de roble francés por 12 meses. Lo que da como resultado un vino color rubí, con aromas complejos a frutas rojas muy maduras y especies, este Premium Malbec es redondo y posee una gran concentración en boca.', 4, '2021-03-10 02:31:15', '2021-03-10 02:31:15'),
(95, 'Altos Las Hormigas Blend Tinto 2018', 250, 55, 250, 'Malbec co-fermentado con Semillón y cortado con Bonarda, la máxima expresión de la tradición de Mendoza. Es un vino de placer con un perfil de sabor único de frutas y flores, con un toque de especias.', 4, '2021-03-10 02:33:16', '2021-03-10 02:33:16'),
(96, 'Sagrado el Pedernal', 750, 45, 40, '', 4, '2021-03-10 02:34:41', '2021-03-10 02:34:41'),
(97, 'Vino Red Blend', 0, 10, 0, '', 4, '2021-03-10 02:35:13', '2021-03-10 02:35:13'),
(98, 'Perro Callejero Malbec', 1250, 10, 55, 'Temperatura de servicio para este vino es entre 16º y 18º C, Potencial de guarda 5 años. Decantar por espacio de una hora antes de beberlo. Conservar en lugar fresco, oscuro, y sin vibraciones. Ideal para acompañar un Ragu de cordero.', 4, '2021-03-10 02:36:01', '2021-03-10 02:36:01'),
(99, 'Vino Chardon . Esmeralda Bot 750', 0, 0, 0, '', 4, '2021-03-10 02:36:21', '2021-03-10 02:36:21');

--
-- Volcado de datos para la tabla `users`
--

INSERT INTO `users` (`id`, `name`, `email`, `password`, `suscription_status`, `newsletter_status`, `admin`, `verify`, `verify_code`, `createdAt`, `updatedAt`) VALUES
(105, 'KIPPES', 'kippes.diego@gmail.com', '$2a$10$ahtS4e3Ea2ixGg4/iYN.WOGVUXAgw2sZLCH2orTDBqrgyiucvCwDS', 1, 1, 1, 1, 'o34zirwsvd', '2021-02-16 21:18:49', '2021-02-16 21:18:49'),
(119, 'diego', 'diego@gmail.com', '$2a$10$GDQ1/PQAlbqt89CK5JmtAuVXLP89tD30OdqZit4Oz19cwcfgyJsHy', 0, 0, 0, 0, 'txbizxcrpu', '2021-03-04 18:29:14', '2021-03-04 18:29:14');
COMMIT;

/*!40101 SET CHARACTER_SET_CLIENT=@OLD_CHARACTER_SET_CLIENT */;
/*!40101 SET CHARACTER_SET_RESULTS=@OLD_CHARACTER_SET_RESULTS */;
/*!40101 SET COLLATION_CONNECTION=@OLD_COLLATION_CONNECTION */;
